{"is_source_file": true, "format": "md", "description": ".md file: README.md", "external_files": [], "external_methods": [], "published": [], "classes": [], "methods": [], "calls": [], "search-terms": ["README.md", "md"], "state": 2, "filename": "README.md", "format-version": 4, "code-base-name": "https://github.com/kavia-common/personal-portfolio-showcase-7899-7908.git:kavia-main", "knowledge_revision": 3, "git_revision": "45e207d8b8c0d79875f7fa03b3be5dfeccab7d6d", "revision_history": [{"3": "45e207d8b8c0d79875f7fa03b3be5dfeccab7d6d"}]}